{"cameraMode":{"drawMode":0,"name":"Shaded","section":"Shading Mode"},"sceneLighting":true,"audioPlay":false,"sceneViewState":{"m_AlwaysRefresh":false,"showFog":true,"showSkybox":true,"showFlares":true,"showImageEffects":true,"showParticleSystems":true,"showVisualEffectGraphs":true,"m_FxEnabled":true},"in2DMode":false,"pivot":{"x":26.979074478149415,"y":-10.276302337646485,"z":62.936973571777347},"rotation":{"x":0.28534120321273806,"y":-0.7031947374343872,"z":0.3784984052181244,"w":0.5300310254096985},"size":27.58004379272461,"orthographic":false}